{
  "timestamp": "/Users/dominhhieu/VinUni/Day22/Day22-Track2-LLMops-Prompt-versioning",
  "v1_scores": {
    "faithfulness": 0.956952380952381,
    "answer_relevancy": 0.9191209463281996,
    "context_recall": 0.98,
    "context_precision": 0.9599999999139999
  },
  "v2_scores": {
    "faithfulness": 0.8379945887445888,
    "answer_relevancy": 0.896796735358553,
    "context_recall": 0.98,
    "context_precision": 0.9566666665818332
  },
  "target_faithfulness": 0.8,
  "target_met": true
}