{
  "timestamp": "/Users/dominhhieu/VinUni/Day22",
  "v1_scores": {
    "faithfulness": 0.9306666666666666,
    "answer_relevancy": 0.9084121784916249,
    "context_recall": 0.98,
    "context_precision": 0.9599999999159999
  },
  "v2_scores": {
    "faithfulness": 0.8725598845598845,
    "answer_relevancy": 0.8991138715423161,
    "context_recall": 0.98,
    "context_precision": 0.9599999999139999
  },
  "target_faithfulness": 0.8,
  "target_met": true
}